{"stats":{"minecraft:used":{"minecraft:oak_leaves":83,"minecraft:birch_leaves":1},"minecraft:picked_up":{"minecraft:rotten_flesh":1},"minecraft:custom":{"minecraft:jump":206,"minecraft:time_since_rest":14735,"minecraft:damage_dealt":15,"minecraft:crouch_one_cm":406,"minecraft:leave_game":4,"minecraft:sprint_one_cm":16190,"minecraft:play_time":14735,"minecraft:time_since_death":14735,"minecraft:walk_on_water_one_cm":1418,"minecraft:walk_one_cm":16050,"minecraft:sneak_time":237,"minecraft:total_world_time":14735,"minecraft:walk_under_water_one_cm":200,"minecraft:drop":1,"minecraft:fly_one_cm":112320},"minecraft:dropped":{"minecraft:rotten_flesh":1}},"DataVersion":3953}