{"stats":{"minecraft:custom":{"minecraft:jump":6,"minecraft:time_since_rest":5153,"minecraft:damage_taken":10,"minecraft:play_time":5153,"minecraft:crouch_one_cm":255,"minecraft:leave_game":2,"minecraft:sprint_one_cm":7645,"minecraft:time_since_death":5153,"minecraft:walk_one_cm":3038,"minecraft:sneak_time":51,"minecraft:total_world_time":5153,"minecraft:fall_one_cm":335,"minecraft:fly_one_cm":313},"minecraft:picked_up":{"minecraft:oak_log":1},"minecraft:used":{"minecraft:oak_log":1},"minecraft:mined":{"minecraft:oak_log":1,"minecraft:oak_leaves":5}},"DataVersion":3953}