{"stats":{"minecraft:custom":{"minecraft:jump":16,"minecraft:time_since_rest":1684,"minecraft:damage_dealt":65,"minecraft:crouch_one_cm":377,"minecraft:play_time":1684,"minecraft:leave_game":2,"minecraft:sprint_one_cm":1402,"minecraft:damage_taken":15,"minecraft:time_since_death":1684,"minecraft:walk_one_cm":1662,"minecraft:sneak_time":217,"minecraft:total_world_time":1684,"minecraft:fly_one_cm":1575},"minecraft:mined":{"minecraft:short_grass":1,"minecraft:oak_log":5},"minecraft:picked_up":{"minecraft:oak_log":5,"minecraft:oak_sapling":1},"minecraft:crafted":{"minecraft:oak_planks":20}},"DataVersion":3953}