{"stats":{"minecraft:custom":{"minecraft:jump":51,"minecraft:time_since_rest":230,"minecraft:damage_dealt":43,"minecraft:damage_taken":820,"minecraft:play_time":3108,"minecraft:walk_on_water_one_cm":1032,"minecraft:leave_game":2,"minecraft:sprint_one_cm":3364,"minecraft:walk_one_cm":2106,"minecraft:time_since_death":0,"minecraft:deaths":3,"minecraft:total_world_time":3108,"minecraft:walk_under_water_one_cm":48,"minecraft:swim_one_cm":1394,"minecraft:fall_one_cm":1157,"minecraft:fly_one_cm":11145},"minecraft:killed_by":{"minecraft:skeleton":3}},"DataVersion":3953}